Country_KR,Year,Project_Count,Commitment_Raw,Disbursement_Raw
가나,2019,95,11051225.0,9248955.0
가나,2020,76,16315889.0,9455092.0
가나,2021,70,11962757.0,6475277.0
가나,2022,74,16665062.0,6313612.0
가나,2023,78,13692515.0,10353927.0
가나,2024,79,13.2,13.91
가봉,2019,1,1852.0,1748.0
가봉,2020,1,28209.0,28445.0
가봉,2021,2,198481.0,198604.0
가봉,2022,2,29166.0,28331.0
가봉,2023,0,0.0,0.0
가봉,2024,2,0.5,0.36
가이아나,2019,0,0.0,0.0
가이아나,2020,0,0.0,0.0
가이아나,2021,1,140096.0,140096.0
가이아나,2022,0,0.0,0.0
가이아나,2023,1,396689.0,396689.0
가이아나,2024,1,0.0,0.0
감비아,2019,10,121612.0,121612.0
감비아,2020,0,0.0,0.0
감비아,2021,2,202050.0,202050.0
감비아,2022,1,174470.0,174470.0
감비아,2023,1,9920.0,9920.0
감비아,2024,3,0.99,0.99
과테말라,2019,16,788575.0,2126633.0
과테말라,2020,8,633455.0,651290.0
과테말라,2021,12,10076667.0,2544219.0
과테말라,2022,10,1019048.0,2221521.0
과테말라,2023,13,1045743.0,3726854.0
과테말라,2024,13,8.6,1.06
그레나다,2019,2,159770.0,159770.0
그레나다,2020,0,0.0,0.0
그레나다,2021,0,0.0,0.0
그레나다,2022,0,0.0,0.0
그레나다,2023,3,592898.0,465228.0
그레나다,2024,5,0.06,0.17
그외 지역 또는 다수국가 (미배분),2019,20,86225469.0,87440544.0
그외 지역 또는 다수국가 (미배분),2020,22,93491970.0,93679170.0
그외 지역 또는 다수국가 (미배분),2021,20,103916671.0,103950276.0
그외 지역 또는 다수국가 (미배분),2022,19,100259566.0,100259566.0
그외 지역 또는 다수국가 (미배분),2023,20,105774914.0,105774914.0
그외 지역 또는 다수국가 (미배분),2024,13,109.62,109.62
기니,2019,1,11249.0,11249.0
기니,2020,0,0.0,0.0
기니,2021,0,0.0,0.0
기니,2022,1,26328.0,26328.0
기니,2023,1,400000.0,323907.0
기니,2024,2,0.02,0.1
기니비사우,2019,1,11249.0,11249.0
기니비사우,2020,1,183980.0,183980.0
기니비사우,2021,0,0.0,0.0
기니비사우,2022,1,173066.0,173066.0
기니비사우,2023,2,642497.0,642497.0
기니비사우,2024,0,0.0,0.0
나미비아,2019,5,79789.0,79789.0
나미비아,2020,1,6055.0,6055.0
나미비아,2021,1,67442.0,67442.0
나미비아,2022,1,188922.0,188922.0
나미비아,2023,1,125950.0,125950.0
나미비아,2024,1,0.0,0.0
나우루,2019,1,58588.0,58588.0
나우루,2020,1,101910.0,101910.0
나우루,2021,0,0.0,0.0
나우루,2022,1,201795.0,201795.0
나우루,2023,0,0.0,0.0
나우루,2024,0,0.0,0.0
나이지리아,2019,42,1128695.0,4871483.0
나이지리아,2020,36,13994870.0,1044967.0
나이지리아,2021,43,11988749.0,1660724.0
나이지리아,2022,50,1710704.0,3845172.0
나이지리아,2023,57,1124852.0,5786147.0
나이지리아,2024,60,14.03,7.52
남수단,2019,0,0.0,0.0
남수단,2020,0,0.0,0.0
남수단,2021,0,0.0,0.0
남수단,2022,0,0.0,0.0
남수단,2023,0,0.0,0.0
남수단,2024,3,0.03,0.03
남아메리카 지역 (미배분),2019,0,0.0,0.0
남아메리카 지역 (미배분),2020,1,164678.0,164678.0
남아메리카 지역 (미배분),2021,0,0.0,0.0
남아메리카 지역 (미배분),2022,0,0.0,0.0
남아메리카 지역 (미배분),2023,0,0.0,0.0
남아메리카 지역 (미배분),2024,0,0.0,0.0
남아프리카공화국,2019,2,104180.0,303534.0
남아프리카공화국,2020,3,198536.0,210050.0
남아프리카공화국,2021,1,189980.0,189980.0
남아프리카공화국,2022,1,189150.0,189150.0
남아프리카공화국,2023,2,806103.0,788829.0
남아프리카공화국,2024,2,0.0,0.05
네팔,2019,77,4486670.0,10184213.0
네팔,2020,52,6573188.0,8562203.0
네팔,2021,46,18735694.0,7631222.0
네팔,2022,46,19485484.0,7624026.0
네팔,2023,64,12376331.0,8533044.0
네팔,2024,58,19.73,8.81
니우에,2019,0,0.0,0.0
니우에,2020,1,120729.0,120729.0
니우에,2021,0,0.0,0.0
니우에,2022,0,0.0,0.0
니우에,2023,0,0.0,0.0
니우에,2024,1,0.05,0.05
니제르,2019,0,0.0,0.0
니제르,2020,1,201792.0,201792.0
니제르,2021,1,197530.0,197530.0
니제르,2022,0,0.0,0.0
니제르,2023,1,105455.0,105455.0
니제르,2024,1,0.0,0.04
니카라과,2019,15,194489.0,1701859.0
니카라과,2020,9,50733.0,722532.0
니카라과,2021,6,164836.0,455095.0
니카라과,2022,0,0.0,0.0
니카라과,2023,2,906087.0,906087.0
니카라과,2024,1,0.0,0.0
도미니카공화국,2019,31,3589148.0,4469702.0
도미니카공화국,2020,24,7536621.0,2781765.0
도미니카공화국,2021,21,1629144.0,1943886.0
도미니카공화국,2022,20,3002043.0,3924646.0
도미니카공화국,2023,26,7647345.0,2498628.0
도미니카공화국,2024,30,2.1,4.23
동티모르,2019,60,13027702.0,7212821.0
동티모르,2020,50,17293922.0,6789749.0
동티모르,2021,32,8862325.0,5918217.0
동티모르,2022,34,2567083.0,5222988.0
동티모르,2023,49,2282717.0,5204861.0
동티모르,2024,55,9.03,7.14
라오스,2019,114,33085000.0,15885455.0
라오스,2020,74,31272426.0,14440021.0
라오스,2021,88,31517817.0,14339709.0
라오스,2022,107,10485699.0,15605223.0
라오스,2023,92,24463147.0,18970142.0
라오스,2024,90,10.82,22.51
라이베리아,2019,0,0.0,0.0
라이베리아,2020,0,0.0,0.0
라이베리아,2021,0,0.0,0.0
라이베리아,2022,0,0.0,0.0
라이베리아,2023,5,375549.0,375549.0
라이베리아,2024,4,0.05,0.05
레바논,2019,1,9176.0,9176.0
레바논,2020,2,6846.0,6846.0
레바논,2021,2,254325.0,254325.0
레바논,2022,1,85148.0,85148.0
레바논,2023,4,4959737.0,834638.0
레바논,2024,4,0.31,0.44
레소토,2019,1,22498.0,22498.0
레소토,2020,1,102389.0,102389.0
레소토,2021,0,0.0,0.0
레소토,2022,1,96213.0,96213.0
레소토,2023,2,1028180.0,1028180.0
레소토,2024,4,0.63,0.43
르완다,2019,76,4257791.0,11753433.0
르완다,2020,59,22620969.0,5105736.0
르완다,2021,52,14951777.0,6104563.0
르완다,2022,57,16553230.0,8088902.0
르완다,2023,59,9504133.0,14241203.0
르완다,2024,67,11.66,15.52
리비아,2019,1,191928.0,191928.0
리비아,2020,1,185319.0,185319.0
리비아,2021,1,151814.0,151814.0
리비아,2022,0,0.0,0.0
리비아,2023,1,338199.0,338199.0
리비아,2024,1,0.0,0.0
마다가스카르,2019,11,471864.0,469811.0
마다가스카르,2020,4,6209680.0,796353.0
마다가스카르,2021,3,131061.0,133174.0
마다가스카르,2022,3,221246.0,220994.0
마다가스카르,2023,10,243731.0,247155.0
마다가스카르,2024,8,0.1,0.1
마셜제도,2019,0,0.0,0.0
마셜제도,2020,0,0.0,0.0
마셜제도,2021,1,195901.0,195901.0
마셜제도,2022,1,191791.0,191791.0
마셜제도,2023,1,9404.0,9404.0
마셜제도,2024,5,0.93,0.93
마이크로네시아연방,2019,0,0.0,0.0
마이크로네시아연방,2020,0,0.0,0.0
마이크로네시아연방,2021,1,195901.0,195901.0
마이크로네시아연방,2022,0,0.0,0.0
마이크로네시아연방,2023,0,0.0,0.0
마이크로네시아연방,2024,0,0.0,0.0
말라위,2019,2,17330.0,17330.0
말라위,2020,0,0.0,0.0
말라위,2021,1,1694.0,1694.0
말라위,2022,7,327913.0,305171.0
말라위,2023,12,581327.0,584967.0
말라위,2024,21,0.77,0.77
말레이시아,2019,10,205150.0,205150.0
말레이시아,2020,7,179038.0,179038.0
말레이시아,2021,6,208407.0,208407.0
말레이시아,2022,1,6157.0,6157.0
말레이시아,2023,1,37815.0,37815.0
말레이시아,2024,3,0.06,0.06
말리,2019,1,22498.0,22498.0
말리,2020,0,0.0,0.0
말리,2021,1,1694.0,1694.0
말리,2022,0,0.0,0.0
말리,2023,1,400000.0,294719.0
말리,2024,1,0.0,0.03
멕시코,2019,1,6273.0,6273.0
멕시코,2020,1,11226.0,11226.0
멕시코,2021,1,8828.0,8828.0
멕시코,2022,1,74095.0,74095.0
멕시코,2023,3,101136.0,101136.0
멕시코,2024,3,0.07,0.07
모로코,2019,27,6778310.0,4134260.0
모로코,2020,24,8184333.0,3076774.0
모로코,2021,13,4240179.0,3093424.0
모로코,2022,18,1140366.0,4997275.0
모로코,2023,21,13596329.0,4008553.0
모로코,2024,23,0.86,6.34
모리셔스,2019,1,18351.0,18351.0
모리셔스,2020,1,6055.0,6055.0
모리셔스,2021,1,5104.0,5104.0
모리셔스,2022,0,0.0,0.0
모리셔스,2023,1,197943.0,197943.0
모리셔스,2024,4,0.16,0.16
모리타니아,2019,1,14287.0,14287.0
모리타니아,2020,1,127872.0,127872.0
모리타니아,2021,0,0.0,0.0
모리타니아,2022,0,0.0,0.0
모리타니아,2023,0,0.0,0.0
모리타니아,2024,3,0.32,0.32
모잠비크,2019,27,7769909.0,1226899.0
모잠비크,2020,17,7685642.0,2181904.0
모잠비크,2021,20,8797032.0,1772038.0
모잠비크,2022,17,727088.0,3276813.0
모잠비크,2023,24,947272.0,4397426.0
모잠비크,2024,19,4.7,6.83
몬테네그로,2019,3,36930.0,36930.0
몬테네그로,2020,1,55128.0,55128.0
몬테네그로,2021,2,252337.0,252337.0
몬테네그로,2022,1,184775.0,184775.0
몬테네그로,2023,2,700826.0,700826.0
몬테네그로,2024,0,0.0,0.0
몰도바,2019,1,310931.0,310931.0
몰도바,2020,0,0.0,0.0
몰도바,2021,0,0.0,0.0
몰도바,2022,1,217497.0,217497.0
몰도바,2023,2,538071.0,538071.0
몰도바,2024,1,0.72,0.72
몰디브,2019,4,38154.0,38154.0
몰디브,2020,0,0.0,0.0
몰디브,2021,0,0.0,0.0
몰디브,2022,0,0.0,0.0
몰디브,2023,1,180000.0,245.0
몰디브,2024,1,0.0,0.1
몽골,2019,86,16762200.0,9349374.0
몽골,2020,73,20469548.0,8286470.0
몽골,2021,64,26652639.0,10821571.0
몽골,2022,80,25434400.0,9775637.0
몽골,2023,88,22481744.0,13167492.0
몽골,2024,88,24.68,16.23
미얀마,2019,113,27906619.0,20318309.0
미얀마,2020,78,40283373.0,15627893.0
미얀마,2021,44,39236395.0,3646321.0
미얀마,2022,30,453726.0,1959491.0
미얀마,2023,7,76142.0,198744.0
미얀마,2024,8,0.21,0.43
바누아투,2019,0,0.0,0.0
바누아투,2020,0,0.0,0.0
바누아투,2021,0,0.0,0.0
바누아투,2022,1,194885.0,194885.0
바누아투,2023,0,0.0,0.0
바누아투,2024,0,0.0,0.0
방글라데시,2019,57,1920119.0,11820339.0
방글라데시,2020,44,20975949.0,7742207.0
방글라데시,2021,45,3291783.0,8987028.0
방글라데시,2022,39,15830618.0,9554079.0
방글라데시,2023,53,11921118.0,7606574.0
방글라데시,2024,51,21.02,5.1
베냉,2019,1,5900.0,5900.0
베냉,2020,0,0.0,0.0
베냉,2021,1,1694.0,1694.0
베냉,2022,0,0.0,0.0
베냉,2023,1,488837.0,488837.0
베냉,2024,0,0.0,0.0
베네수엘라,2019,2,15546.0,14674.0
베네수엘라,2020,2,9996.0,10080.0
베네수엘라,2021,0,0.0,0.0
베네수엘라,2022,1,8924.0,8924.0
베네수엘라,2023,0,0.0,0.0
베네수엘라,2024,0,0.0,0.0
베트남,2019,140,28510514.0,30165958.0
베트남,2020,88,35996835.0,32194125.0
베트남,2021,74,78699114.0,24061968.0
베트남,2022,88,72236065.0,25907444.0
베트남,2023,81,28857567.0,25475620.0
베트남,2024,84,72.13,27.48
벨라루스,2019,2,37006.0,35389.0
벨라루스,2020,2,101246.0,101260.0
벨라루스,2021,1,6018.0,6363.0
벨라루스,2022,0,0.0,0.0
벨라루스,2023,0,0.0,0.0
벨라루스,2024,0,0.0,0.0
벨리즈,2019,1,10099.0,10099.0
벨리즈,2020,1,194725.0,194725.0
벨리즈,2021,0,0.0,0.0
벨리즈,2022,1,162912.0,162912.0
벨리즈,2023,5,1052915.0,555087.0
벨리즈,2024,5,0.06,0.56
보스니아헤르체고비나,2019,1,8390.0,8390.0
보스니아헤르체고비나,2020,1,4828.0,4828.0
보스니아헤르체고비나,2021,1,97926.0,97926.0
보스니아헤르체고비나,2022,0,0.0,0.0
보스니아헤르체고비나,2023,0,0.0,0.0
보스니아헤르체고비나,2024,0,0.0,0.0
보츠와나,2019,1,101516.0,101516.0
보츠와나,2020,0,0.0,0.0
보츠와나,2021,1,170575.0,170575.0
보츠와나,2022,1,96501.0,96501.0
보츠와나,2023,2,714857.0,686516.0
보츠와나,2024,4,0.04,0.07
볼리비아,2019,38,5589244.0,11517541.0
볼리비아,2020,25,2381845.0,7501747.0
볼리비아,2021,22,2195425.0,7877206.0
볼리비아,2022,35,10968589.0,6266164.0
볼리비아,2023,45,15286596.0,8147516.0
볼리비아,2024,45,39.84,7.23
부룬디,2019,4,54294.0,54294.0
부룬디,2020,4,286291.0,286999.0
부룬디,2021,7,129908.0,137349.0
부룬디,2022,15,343353.0,317097.0
부룬디,2023,18,1119612.0,940543.0
부룬디,2024,19,0.43,0.58
부르키나파소,2019,3,20371.0,20371.0
부르키나파소,2020,3,208316.0,208316.0
부르키나파소,2021,0,0.0,0.0
부르키나파소,2022,1,200335.0,200335.0
부르키나파소,2023,2,514835.0,514835.0
부르키나파소,2024,0,0.0,0.0
부탄,2019,15,680124.0,649216.0
부탄,2020,6,574366.0,574366.0
부탄,2021,3,385384.0,385384.0
부탄,2022,3,7065490.0,304207.0
부탄,2023,5,602497.0,328256.0
부탄,2024,4,0.25,2.16
북마케도니아,2019,1,6273.0,6273.0
북마케도니아,2020,1,5613.0,5613.0
북마케도니아,2021,1,5885.0,5885.0
북마케도니아,2022,0,0.0,0.0
북마케도니아,2023,0,0.0,0.0
북마케도니아,2024,1,0.44,0.44
브라질,2019,1,8390.0,8390.0
브라질,2020,0,0.0,0.0
브라질,2021,0,0.0,0.0
브라질,2022,1,192982.0,192982.0
브라질,2023,1,1022733.0,1022733.0
브라질,2024,2,0.35,0.35
사모아,2019,2,21728.0,21728.0
사모아,2020,1,41409.0,41409.0
사모아,2021,1,137987.0,137987.0
사모아,2022,2,451382.0,451382.0
사모아,2023,3,999404.0,376702.0
사모아,2024,4,0.03,0.62
상투메프린시페,2019,0,0.0,0.0
상투메프린시페,2020,0,0.0,0.0
상투메프린시페,2021,1,181207.0,181207.0
상투메프린시페,2022,1,170000.0,134605.0
상투메프린시페,2023,2,279361.0,328700.0
상투메프린시페,2024,1,0.3,0.24
서안지구 및 가자지구,2019,15,653773.0,5753165.0
서안지구 및 가자지구,2020,9,114854.0,2377438.0
서안지구 및 가자지구,2021,11,3255189.0,398524.0
서안지구 및 가자지구,2022,12,7151132.0,644543.0
서안지구 및 가자지구,2023,7,455684.0,1402077.0
서안지구 및 가자지구,2024,9,1.04,3.62
세네갈,2019,54,3674449.0,12941721.0
세네갈,2020,29,14667059.0,6355090.0
세네갈,2021,23,8379188.0,8059595.0
세네갈,2022,25,7287579.0,6942759.0
세네갈,2023,25,16325716.0,7797059.0
세네갈,2024,23,13.9,9.66
세르비아,2019,5,393457.0,389408.0
세르비아,2020,2,105688.0,105688.0
세르비아,2021,2,39007.0,39007.0
세르비아,2022,1,128464.0,128464.0
세르비아,2023,0,0.0,0.0
세르비아,2024,2,0.49,0.49
세인트루시아,2019,2,119773.0,119773.0
세인트루시아,2020,1,204158.0,204158.0
세인트루시아,2021,0,0.0,0.0
세인트루시아,2022,0,0.0,0.0
세인트루시아,2023,2,188502.0,121587.0
세인트루시아,2024,2,0.0,0.22
세인트빈센트그레나딘,2019,1,113276.0,113276.0
세인트빈센트그레나딘,2020,0,0.0,0.0
세인트빈센트그레나딘,2021,1,146232.0,146232.0
세인트빈센트그레나딘,2022,0,0.0,0.0
세인트빈센트그레나딘,2023,0,0.0,0.0
세인트빈센트그레나딘,2024,1,0.01,0.01
소말리아,2019,0,0.0,0.0
소말리아,2020,0,0.0,0.0
소말리아,2021,0,0.0,0.0
소말리아,2022,1,168237.0,168237.0
소말리아,2023,1,160000.0,118185.0
소말리아,2024,1,0.0,0.01
솔로몬제도,2019,29,1133144.0,2497684.0
솔로몬제도,2020,25,731903.0,732531.0
솔로몬제도,2021,3,127035.0,127503.0
솔로몬제도,2022,2,33005.0,32170.0
솔로몬제도,2023,3,1028315.0,1028315.0
솔로몬제도,2024,3,0.04,0.04
수단,2019,2,16471.0,16367.0
수단,2020,4,12039459.0,1181397.0
수단,2021,5,210285.0,2215732.0
수단,2022,3,0.0,2919829.0
수단,2023,2,0.0,644501.0
수단,2024,2,0.0,0.02
수리남,2019,0,0.0,0.0
수리남,2020,0,0.0,0.0
수리남,2021,0,0.0,0.0
수리남,2022,0,0.0,0.0
수리남,2023,3,1025167.0,1025167.0
수리남,2024,4,0.07,0.07
스리랑카,2019,63,9942397.0,11191909.0
스리랑카,2020,31,8030808.0,6426007.0
스리랑카,2021,41,15156354.0,7728614.0
스리랑카,2022,39,9792057.0,8224812.0
스리랑카,2023,60,2229904.0,9584055.0
스리랑카,2024,63,21.06,13.64
시리아,2019,0,0.0,0.0
시리아,2020,2,10441.0,10441.0
시리아,2021,1,5104.0,5104.0
시리아,2022,0,0.0,0.0
시리아,2023,0,0.0,0.0
시리아,2024,0,0.0,0.0
시에라리온,2019,1,6497.0,6497.0
시에라리온,2020,1,210231.0,210231.0
시에라리온,2021,0,0.0,0.0
시에라리온,2022,1,200168.0,200168.0
시에라리온,2023,6,381448.0,381448.0
시에라리온,2024,9,0.44,0.44
아르메니아,2019,2,31150.0,31150.0
아르메니아,2020,1,141845.0,141845.0
아르메니아,2021,1,193804.0,193804.0
아르메니아,2022,0,0.0,0.0
아르메니아,2023,0,0.0,0.0
아르메니아,2024,0,0.0,0.0
아르헨티나,2019,1,6273.0,6273.0
아르헨티나,2020,1,16839.0,16839.0
아르헨티나,2021,1,5885.0,5885.0
아르헨티나,2022,0,0.0,0.0
아르헨티나,2023,1,373696.0,373696.0
아르헨티나,2024,1,0.0,0.0
아메리카 지역 (미배분),2019,2,3555259.0,4765942.0
아메리카 지역 (미배분),2020,2,2419521.0,2495601.0
아메리카 지역 (미배분),2021,2,1723533.0,1835177.0
아메리카 지역 (미배분),2022,2,1570513.0,1645928.0
아메리카 지역 (미배분),2023,2,2853612.0,2906517.0
아메리카 지역 (미배분),2024,2,2.91,2.92
아시아 지역 (미배분),2019,1,11390457.0,11390457.0
아시아 지역 (미배분),2020,3,11175688.0,7656298.0
아시아 지역 (미배분),2021,1,0.0,831300.0
아시아 지역 (미배분),2022,2,4795631.0,6124924.0
아시아 지역 (미배분),2023,3,6896566.0,7387112.0
아시아 지역 (미배분),2024,2,9.59,10.03
아이티,2019,3,31206.0,30999.0
아이티,2020,1,28209.0,28445.0
아이티,2021,1,2132.0,2255.0
아이티,2022,2,201906.0,201071.0
아이티,2023,1,1450000.0,1040914.0
아이티,2024,1,0.1,0.42
아제르바이잔,2019,31,1173556.0,2274382.0
아제르바이잔,2020,18,538417.0,1765223.0
아제르바이잔,2021,27,3028249.0,2396088.0
아제르바이잔,2022,30,1172420.0,2145153.0
아제르바이잔,2023,25,1166497.0,2001822.0
아제르바이잔,2024,20,11.68,2.08
아프가니스탄,2019,36,1050736.0,1366589.0
아프가니스탄,2020,26,10303076.0,1601659.0
아프가니스탄,2021,20,473831.0,491935.0
아프가니스탄,2022,12,62851.0,54993.0
아프가니스탄,2023,7,52151.0,52151.0
아프가니스탄,2024,0,0.0,0.0
아프리카 지역 (미배분),2019,1,6843061.0,6843061.0
아프리카 지역 (미배분),2020,3,9424679.0,9424679.0
아프리카 지역 (미배분),2021,3,13771135.0,9094383.0
아프리카 지역 (미배분),2022,2,4788268.0,5295160.0
아프리카 지역 (미배분),2023,2,3681008.0,5530932.0
아프리카 지역 (미배분),2024,2,5.76,7.73
알바니아,2019,0,0.0,0.0
알바니아,2020,1,4828.0,4828.0
알바니아,2021,0,0.0,0.0
알바니아,2022,1,26328.0,26328.0
알바니아,2023,0,0.0,0.0
알바니아,2024,0,0.0,0.0
알제리,2019,25,7067106.0,2417005.0
알제리,2020,17,757398.0,692565.0
알제리,2021,18,8585767.0,1073170.0
알제리,2022,15,533060.0,1506096.0
알제리,2023,17,5783799.0,1994048.0
알제리,2024,17,0.25,3.2
앙골라,2019,1,12813.0,12813.0
앙골라,2020,1,172675.0,172675.0
앙골라,2021,2,226027.0,227795.0
앙골라,2022,3,5955059.0,669675.0
앙골라,2023,3,158971.0,1271238.0
앙골라,2024,4,0.41,2.36
에리트레아,2019,0,0.0,0.0
에리트레아,2020,0,0.0,0.0
에리트레아,2021,0,0.0,0.0
에리트레아,2022,0,0.0,0.0
에리트레아,2023,0,0.0,0.0
에리트레아,2024,1,0.0,0.0
에스와티니,2019,1,14806.0,14806.0
에스와티니,2020,1,102273.0,102273.0
에스와티니,2021,2,210817.0,165869.0
에스와티니,2022,2,136372.0,175234.0
에스와티니,2023,6,305678.0,305678.0
에스와티니,2024,4,0.21,0.21
에콰도르,2019,80,5800494.0,6882635.0
에콰도르,2020,59,15922516.0,3350969.0
에콰도르,2021,42,2643503.0,3734496.0
에콰도르,2022,51,10942620.0,4091542.0
에콰도르,2023,51,9981115.0,3905126.0
에콰도르,2024,52,2.35,4.77
에티오피아,2019,81,28118963.0,18922092.0
에티오피아,2020,65,29033001.0,19316861.0
에티오피아,2021,55,24867391.0,15685421.0
에티오피아,2022,44,12579219.0,14186429.0
에티오피아,2023,29,12167549.0,15308853.0
에티오피아,2024,29,13.45,11.4
엘살바도르,2019,20,12663017.0,2800447.0
엘살바도르,2020,19,943438.0,5065949.0
엘살바도르,2021,19,13356778.0,4835820.0
엘살바도르,2022,15,872932.0,2387195.0
엘살바도르,2023,21,6738284.0,3371193.0
엘살바도르,2024,31,7.63,5.99
예멘,2019,0,0.0,0.0
예멘,2020,1,2018.0,2018.0
예멘,2021,1,1701.0,1701.0
예멘,2022,0,0.0,0.0
예멘,2023,5,77735.0,77735.0
예멘,2024,2,0.03,0.03
온두라스,2019,25,1596808.0,2595928.0
온두라스,2020,17,905955.0,1051697.0
온두라스,2021,4,233142.0,557570.0
온두라스,2022,3,285521.0,617898.0
온두라스,2023,12,853961.0,1106513.0
온두라스,2024,9,0.61,0.61
요르단,2019,33,5530718.0,7047265.0
요르단,2020,21,16259307.0,5390284.0
요르단,2021,17,8138223.0,12896981.0
요르단,2022,19,10298675.0,5742092.0
요르단,2023,25,1225011.0,4633099.0
요르단,2024,25,13.4,7.06
우간다,2019,75,9686242.0,7107465.0
우간다,2020,63,18277503.0,3529127.0
우간다,2021,59,22020257.0,4890981.0
우간다,2022,62,15397204.0,7504183.0
우간다,2023,73,16093702.0,8448686.0
우간다,2024,72,17.52,12.38
우즈베키스탄,2019,87,5865428.0,14258196.0
우즈베키스탄,2020,58,27007907.0,10382599.0
우즈베키스탄,2021,57,30680202.0,17752822.0
우즈베키스탄,2022,69,27537759.0,10430222.0
우즈베키스탄,2023,70,29225890.0,11394256.0
우즈베키스탄,2024,80,4.4,18.2
우크라이나,2019,0,0.0,0.0
우크라이나,2020,0,0.0,0.0
우크라이나,2021,1,100466.0,100466.0
우크라이나,2022,1,61765.0,61765.0
우크라이나,2023,9,37674655.0,30209038.0
우크라이나,2024,13,79.53,3.73
이라크,2019,43,4667245.0,3720312.0
이라크,2020,18,25259042.0,1861566.0
이라크,2021,21,741201.0,5272818.0
이라크,2022,17,5780341.0,8192034.0
이라크,2023,15,12746984.0,12265592.0
이라크,2024,12,0.78,8.66
이란,2019,5,48992.0,105679.0
이란,2020,4,83801.0,83815.0
이란,2021,2,6018.0,6363.0
이란,2022,2,1750016.0,1762034.0
이란,2023,2,305005.0,892841.0
이란,2024,1,0.0,1.45
이집트,2019,47,4514214.0,5423460.0
이집트,2020,42,1416369.0,2823447.0
이집트,2021,37,2491768.0,3783571.0
이집트,2022,30,10377959.0,3651537.0
이집트,2023,29,9778377.0,4601314.0
이집트,2024,31,11.61,7.25
인도,2019,3,34287.0,34287.0
인도,2020,3,223350.0,223350.0
인도,2021,4,2038220.0,39338.0
인도,2022,1,0.0,0.0
인도,2023,2,40408.0,44268.0
인도,2024,3,0.18,0.18
인도네시아,2019,107,13530992.0,6010650.0
인도네시아,2020,79,27387696.0,10683047.0
인도네시아,2021,77,38819876.0,8910068.0
인도네시아,2022,92,10431548.0,6787657.0
인도네시아,2023,100,10006343.0,12654121.0
인도네시아,2024,107,18.47,13.42
자메이카,2019,7,175698.0,171614.0
자메이카,2020,3,8330.0,8400.0
자메이카,2021,4,553468.0,555926.0
자메이카,2022,2,1512609.0,1512357.0
자메이카,2023,3,917023.0,716487.0
자메이카,2024,4,0.41,0.59
잠비아,2019,2,20425.0,20425.0
잠비아,2020,2,32245.0,32481.0
잠비아,2021,2,7236.0,7359.0
잠비아,2022,1,6677.0,5842.0
잠비아,2023,2,294631.0,294631.0
잠비아,2024,1,0.01,0.01
적도기니,2019,1,94397.0,94397.0
적도기니,2020,1,28209.0,28445.0
적도기니,2021,2,198662.0,198785.0
적도기니,2022,1,6677.0,5842.0
적도기니,2023,2,607157.0,607157.0
적도기니,2024,2,0.7,0.48
조지아,2019,2,55996.0,55996.0
조지아,2020,3,259592.0,259828.0
조지아,2021,2,33010.0,34901.0
조지아,2022,5,296447.0,292111.0
조지아,2023,2,13038.0,13038.0
조지아,2024,2,0.02,0.02
중국,2019,2,99925.0,94867.0
중국,2020,0,0.0,0.0
중국,2021,0,0.0,0.0
중국,2022,0,0.0,0.0
중국,2023,0,0.0,0.0
중국,2024,0,0.0,0.0
중동 지역 (미배분),2019,1,1511504.0,1511504.0
중동 지역 (미배분),2020,2,780908.0,780908.0
중동 지역 (미배분),2021,1,773365.0,773365.0
중동 지역 (미배분),2022,1,980949.0,980949.0
중동 지역 (미배분),2023,1,1092310.0,1092310.0
중동 지역 (미배분),2024,1,1.26,1.26
중앙아시아 지역 (미배분),2019,1,1511504.0,1511504.0
중앙아시아 지역 (미배분),2020,1,679933.0,679933.0
중앙아시아 지역 (미배분),2021,1,773365.0,773365.0
중앙아시아 지역 (미배분),2022,1,980949.0,980949.0
중앙아시아 지역 (미배분),2023,1,1092310.0,1092310.0
중앙아시아 지역 (미배분),2024,1,1.26,1.26
중앙아프리카공화국,2019,0,0.0,0.0
중앙아프리카공화국,2020,0,0.0,0.0
중앙아프리카공화국,2021,0,0.0,0.0
중앙아프리카공화국,2022,1,234033.0,234033.0
중앙아프리카공화국,2023,5,892148.0,892148.0
중앙아프리카공화국,2024,1,0.25,0.25
지부티,2019,1,136704.0,136704.0
지부티,2020,0,0.0,0.0
지부티,2021,1,199415.0,199415.0
지부티,2022,0,0.0,0.0
지부티,2023,1,112787.0,112787.0
지부티,2024,2,0.29,0.29
짐바브웨,2019,14,224149.0,212059.0
짐바브웨,2020,12,63195.0,63725.0
짐바브웨,2021,15,316142.0,334247.0
짐바브웨,2022,15,206746.0,180902.0
짐바브웨,2023,22,594952.0,499192.0
짐바브웨,2024,21,0.23,0.32
차드,2019,0,0.0,0.0
차드,2020,0,0.0,0.0
차드,2021,0,0.0,0.0
차드,2022,0,0.0,0.0
차드,2023,4,681285.0,681285.0
차드,2024,1,0.02,0.02
카메룬,2019,72,11596046.0,8772484.0
카메룬,2020,55,7014651.0,3788749.0
카메룬,2021,48,2190017.0,6123390.0
카메룬,2022,58,10028417.0,6542690.0
카메룬,2023,63,15808679.0,5288096.0
카메룬,2024,55,1.75,4.93
카보베르데,2019,0,0.0,0.0
카보베르데,2020,0,0.0,0.0
카보베르데,2021,1,196967.0,196967.0
카보베르데,2022,0,0.0,0.0
카보베르데,2023,0,0.0,0.0
카보베르데,2024,0,0.0,0.0
카자흐스탄,2019,7,265511.0,262586.0
카자흐스탄,2020,9,165123.0,166207.0
카자흐스탄,2021,11,251425.0,257566.0
카자흐스탄,2022,14,368523.0,354680.0
카자흐스탄,2023,14,138479.0,138479.0
카자흐스탄,2024,12,0.16,0.16
캄보디아,2019,98,27596267.0,12541358.0
캄보디아,2020,84,24248622.0,14073720.0
캄보디아,2021,80,20876716.0,12292357.0
캄보디아,2022,77,36247677.0,18883745.0
캄보디아,2023,70,14215353.0,17583534.0
캄보디아,2024,76,17.42,17.98
케냐,2019,45,16319346.0,2684006.0
케냐,2020,33,288104.0,840167.0
케냐,2021,33,14968733.0,3527906.0
케냐,2022,30,1216210.0,6009150.0
케냐,2023,42,1132062.0,6349858.0
케냐,2024,51,1.38,3.66
코모로,2019,0,0.0,0.0
코모로,2020,0,0.0,0.0
코모로,2021,0,0.0,0.0
코모로,2022,0,0.0,0.0
코모로,2023,1,99172.0,99172.0
코모로,2024,1,0.0,0.0
코스타리카,2019,16,5373341.0,1856734.0
코스타리카,2020,12,3740385.0,757899.0
코스타리카,2021,5,253934.0,2495889.0
코스타리카,2022,3,174837.0,1267668.0
코스타리카,2023,9,1055466.0,2469086.0
코스타리카,2024,10,0.28,0.85
코트디부아르,2019,21,1034687.0,6942974.0
코트디부아르,2020,18,1130102.0,3692366.0
코트디부아르,2021,14,8087275.0,1821448.0
코트디부아르,2022,10,1009034.0,2883529.0
코트디부아르,2023,30,19708868.0,4306063.0
코트디부아르,2024,21,12.41,5.99
콜롬비아,2019,42,3808991.0,3791656.0
콜롬비아,2020,28,11826884.0,6329801.0
콜롬비아,2021,31,17914868.0,7538482.0
콜롬비아,2022,36,1771538.0,4474633.0
콜롬비아,2023,41,2222378.0,5463619.0
콜롬비아,2024,41,15.27,5.17
콩고공화국,2019,1,99081.0,99081.0
콩고공화국,2020,0,0.0,0.0
콩고공화국,2021,0,0.0,0.0
콩고공화국,2022,0,0.0,0.0
콩고공화국,2023,2,420202.0,369039.0
콩고공화국,2024,3,0.03,0.07
콩고민주공화국(DR콩고),2019,43,2730395.0,6177061.0
콩고민주공화국(DR콩고),2020,37,10687069.0,1251905.0
콩고민주공화국(DR콩고),2021,37,1692463.0,2806615.0
콩고민주공화국(DR콩고),2022,35,1065586.0,2222860.0
콩고민주공화국(DR콩고),2023,38,1446502.0,4404880.0
콩고민주공화국(DR콩고),2024,31,7.73,4.45
쿠바,2019,0,0.0,0.0
쿠바,2020,0,0.0,0.0
쿠바,2021,1,5181.0,5181.0
쿠바,2022,0,0.0,0.0
쿠바,2023,0,0.0,0.0
쿠바,2024,0,0.0,0.0
키르기스스탄,2019,59,7709625.0,4966235.0
키르기스스탄,2020,45,6730893.0,3265088.0
키르기스스탄,2021,47,7761052.0,4937524.0
키르기스스탄,2022,53,9753108.0,5747242.0
키르기스스탄,2023,65,28694097.0,8848671.0
키르기스스탄,2024,67,27.84,16.17
키리바시,2019,4,246993.0,246993.0
키리바시,2020,0,0.0,0.0
키리바시,2021,1,204697.0,204697.0
키리바시,2022,0,0.0,0.0
키리바시,2023,1,9404.0,9404.0
키리바시,2024,1,0.16,0.16
타지키스탄,2019,13,395225.0,2185067.0
타지키스탄,2020,6,444541.0,1516567.0
타지키스탄,2021,7,161944.0,2780531.0
타지키스탄,2022,10,433642.0,413062.0
타지키스탄,2023,16,14244454.0,245187.0
타지키스탄,2024,22,16.61,1.71
탄자니아,2019,82,10498306.0,9801585.0
탄자니아,2020,68,9927421.0,7309071.0
탄자니아,2021,71,14916103.0,8536328.0
탄자니아,2022,84,18707255.0,12056078.0
탄자니아,2023,91,23294476.0,13845536.0
탄자니아,2024,86,4.19,16.24
태국,2019,26,3573744.0,3573744.0
태국,2020,15,2725382.0,2725618.0
태국,2021,13,1468561.0,1468684.0
태국,2022,16,1793562.0,1792727.0
태국,2023,14,3054295.0,3054295.0
태국,2024,20,2.66,2.66
토고,2019,4,139657.0,139657.0
토고,2020,0,0.0,0.0
토고,2021,0,0.0,0.0
토고,2022,0,0.0,0.0
토고,2023,1,461059.0,461059.0
토고,2024,3,0.51,0.29
통가,2019,1,176193.0,176193.0
통가,2020,1,207045.0,207045.0
통가,2021,1,156205.0,156205.0
통가,2022,1,201961.0,201961.0
통가,2023,2,599900.0,251369.0
통가,2024,6,0.37,0.83
투르크메니스탄,2019,7,165428.0,3519906.0
투르크메니스탄,2020,3,6664.0,710597.0
투르크메니스탄,2021,5,182349.0,182694.0
투르크메니스탄,2022,1,13680.0,13680.0
투르크메니스탄,2023,2,10625.0,10625.0
투르크메니스탄,2024,8,0.13,0.13
투발루,2019,0,0.0,0.0
투발루,2020,1,115499.0,115499.0
투발루,2021,1,36417.0,36417.0
투발루,2022,0,0.0,0.0
투발루,2023,1,9404.0,9404.0
투발루,2024,3,0.56,0.56
튀니지,2019,26,3574196.0,2027147.0
튀니지,2020,17,5533409.0,1155792.0
튀니지,2021,20,964626.0,1950789.0
튀니지,2022,21,4516867.0,1803051.0
튀니지,2023,23,961607.0,2506638.0
튀니지,2024,24,7.53,3.28
튀르키예,2019,1,4493.0,4493.0
튀르키예,2020,0,0.0,0.0
튀르키예,2021,0,0.0,0.0
튀르키예,2022,0,0.0,0.0
튀르키예,2023,2,2034464.0,2034464.0
튀르키예,2024,0,0.0,0.0
파나마,2019,1,7773.0,7337.0
파나마,2020,2,149910.0,149952.0
파나마,2021,0,0.0,0.0
파나마,2022,0,0.0,0.0
파나마,2023,9,1099178.0,1099178.0
파나마,2024,5,0.09,0.09
파라과이,2019,44,20038200.0,11937415.0
파라과이,2020,46,24021161.0,13363688.0
파라과이,2021,31,11314106.0,15674086.0
파라과이,2022,33,12079230.0,10679048.0
파라과이,2023,35,16487197.0,10733639.0
파라과이,2024,43,22.72,14.07
파키스탄,2019,35,17799135.0,1579162.0
파키스탄,2020,22,7529095.0,1540431.0
파키스탄,2021,32,1696960.0,7753392.0
파키스탄,2022,27,7894483.0,2662434.0
파키스탄,2023,28,1338336.0,6157024.0
파키스탄,2024,32,6.78,7.68
파푸아뉴기니,2019,5,165413.0,164998.0
파푸아뉴기니,2020,1,28209.0,28445.0
파푸아뉴기니,2021,2,202132.0,169982.0
파푸아뉴기니,2022,4,277094.0,276259.0
파푸아뉴기니,2023,4,218434.0,218434.0
파푸아뉴기니,2024,3,0.17,0.17
팔라우,2019,1,84994.0,84994.0
팔라우,2020,1,941.0,941.0
팔라우,2021,2,242755.0,211525.0
팔라우,2022,0,0.0,0.0
팔라우,2023,1,509719.0,509719.0
팔라우,2024,1,0.14,0.14
페루,2019,41,4829367.0,9643439.0
페루,2020,29,9099127.0,4421845.0
페루,2021,36,15205971.0,7568683.0
페루,2022,42,8233472.0,5982975.0
페루,2023,51,12333823.0,8936872.0
페루,2024,51,27.67,8.74
피지,2019,33,2300739.0,2689294.0
피지,2020,23,1705626.0,6210380.0
피지,2021,17,9794341.0,2639945.0
피지,2022,23,11635751.0,2300709.0
피지,2023,36,18561355.0,3410002.0
피지,2024,43,3.22,5.8
필리핀,2019,86,18764438.0,13429213.0
필리핀,2020,75,15763331.0,9557664.0
필리핀,2021,73,46263251.0,15284344.0
필리핀,2022,87,36856040.0,12302115.0
필리핀,2023,88,17817444.0,11785654.0
필리핀,2024,94,9.7,17.15
